Date,Item_ID,Item_Type,Item_Name,Current_Stock,Min_Required,Max_Capacity,Unit_Cost,Avg_Usage_Per_Day,Restock_Lead_Time,Vendor_ID,Days_Until_Stockout,Risk_Label,Vendor_Name,Avg_Lead_Time (days),Cost_Per_Item
2024-10-01,105,Consumable,Ventilator,1542,264,1018,4467.55,108,17,V001,14.277777777777779,High,MedSupplies Inc.,5,0.5
2024-10-02,100,Equipment,Ventilator,2487,656,3556,5832.29,55,12,V001,45.21818181818182,Low,MedSupplies Inc.,5,0.5
2024-10-03,103,Equipment,Surgical Mask,2371,384,5562,16062.98,470,6,V001,5.04468085106383,High,MedSupplies Inc.,5,0.5
2024-10-04,103,Consumable,Surgical Mask,2038,438,1131,744.1,207,15,V002,9.845410628019323,High,EquipMed Co.,30,20000.0
2024-10-05,107,Equipment,IV Drip,2410,338,1013,15426.53,158,12,V003,15.253164556962025,Medium,HealthTools Ltd.,15,5000.0
2024-10-06,109,Equipment,IV Drip,2258,402,1715,15246.06,386,26,V002,5.849740932642487,High,EquipMed Co.,30,20000.0
2024-10-07,103,Consumable,IV Drip,387,210,3765,1631.28,207,24,V003,1.8695652173913044,High,HealthTools Ltd.,15,5000.0
2024-10-08,105,Equipment,IV Drip,123,502,2161,16620.81,257,11,V002,0.4785992217898833,High,EquipMed Co.,30,20000.0
2024-10-09,102,Consumable,Ventilator,790,751,1801,3441.26,16,20,V001,49.375,Low,MedSupplies Inc.,5,0.5
2024-10-10,104,Equipment,Gloves,2448,28,1314,2729.08,418,5,V002,5.856459330143541,Medium,EquipMed Co.,30,20000.0
2024-10-11,107,Equipment,Surgical Mask,3451,12,2292,3328.44,161,21,V001,21.434782608695652,Medium,MedSupplies Inc.,5,0.5
2024-10-12,106,Consumable,Surgical Mask,4510,207,4298,55.66,254,8,V003,17.755905511811022,Low,HealthTools Ltd.,15,5000.0
2024-10-13,108,Consumable,X-ray Machine,3298,231,3736,10669.37,244,2,V001,13.51639344262295,Low,MedSupplies Inc.,5,0.5
2024-10-14,108,Consumable,Gloves,789,515,4238,7379.83,230,24,V002,3.4304347826086956,High,EquipMed Co.,30,20000.0
2024-10-15,101,Consumable,Gloves,4719,239,2184,2865.49,198,24,V003,23.833333333333332,High,HealthTools Ltd.,15,5000.0
2024-10-16,106,Equipment,Surgical Mask,3465,622,4936,17374.64,415,25,V002,8.349397590361447,High,EquipMed Co.,30,20000.0
2024-10-17,107,Equipment,Gloves,466,372,3426,10124.28,106,26,V002,4.39622641509434,High,EquipMed Co.,30,20000.0
2024-10-18,107,Consumable,X-ray Machine,2410,167,3633,6974.49,176,6,V002,13.693181818181818,Low,EquipMed Co.,30,20000.0
2024-10-19,108,Consumable,Ventilator,462,165,2450,10654.65,499,23,V001,0.9258517034068137,High,MedSupplies Inc.,5,0.5
2024-10-20,101,Equipment,IV Drip,4317,667,3215,16184.33,59,18,V003,73.16949152542372,Low,HealthTools Ltd.,15,5000.0
2024-10-21,105,Equipment,X-ray Machine,228,452,3288,3419.11,458,17,V002,0.4978165938864629,High,EquipMed Co.,30,20000.0
2024-10-22,109,Consumable,IV Drip,2912,405,2109,17313.6,374,17,V001,7.786096256684492,High,MedSupplies Inc.,5,0.5
2024-10-23,108,Consumable,Surgical Mask,2206,315,3900,11709.1,392,1,V002,5.627551020408164,Low,EquipMed Co.,30,20000.0
2024-10-24,109,Consumable,Ventilator,2519,338,1419,12310.83,415,19,V003,6.069879518072289,High,HealthTools Ltd.,15,5000.0
2024-10-25,104,Equipment,X-ray Machine,2730,354,4914,11771.05,342,4,V001,7.982456140350878,Medium,MedSupplies Inc.,5,0.5
2024-10-26,103,Consumable,Gloves,2100,525,4644,4426.77,31,2,V002,67.74193548387096,Low,EquipMed Co.,30,20000.0
2024-10-27,100,Equipment,Ventilator,835,634,2523,3695.18,426,7,V002,1.960093896713615,High,EquipMed Co.,30,20000.0
2024-10-28,103,Consumable,X-ray Machine,4289,21,1823,9547.31,9,21,V001,476.55555555555554,Low,MedSupplies Inc.,5,0.5
2024-10-29,105,Consumable,Ventilator,757,835,1153,7127.18,66,1,V003,11.469696969696969,Low,HealthTools Ltd.,15,5000.0
2024-10-30,100,Equipment,Surgical Mask,1415,444,1004,4817.11,110,9,V003,12.863636363636363,Medium,HealthTools Ltd.,15,5000.0
2024-10-31,102,Consumable,Gloves,4900,665,867,11625.6,470,25,V003,10.425531914893616,High,HealthTools Ltd.,15,5000.0
2024-11-01,103,Consumable,IV Drip,3215,963,1517,17123.76,265,7,V001,12.132075471698114,Medium,MedSupplies Inc.,5,0.5
2024-11-02,108,Consumable,IV Drip,873,141,1277,11138.18,250,12,V001,3.492,High,MedSupplies Inc.,5,0.5
2024-11-03,101,Equipment,IV Drip,2275,896,3727,18130.51,238,5,V002,9.558823529411764,Medium,EquipMed Co.,30,20000.0
2024-11-04,103,Equipment,X-ray Machine,4906,966,1497,14336.04,50,22,V001,98.12,Low,MedSupplies Inc.,5,0.5
2024-11-05,103,Consumable,Ventilator,694,945,5657,18008.8,373,6,V002,1.8605898123324396,High,EquipMed Co.,30,20000.0
2024-11-06,103,Consumable,Gloves,139,520,4602,4034.61,65,8,V001,2.1384615384615384,High,MedSupplies Inc.,5,0.5
2024-11-07,107,Consumable,Gloves,2341,991,3886,11746.94,92,24,V003,25.445652173913043,Medium,HealthTools Ltd.,15,5000.0
2024-11-08,100,Equipment,X-ray Machine,3745,167,5193,7093.88,51,26,V003,73.43137254901961,Low,HealthTools Ltd.,15,5000.0
2024-11-09,101,Consumable,Gloves,4804,959,5623,14874.23,177,20,V001,27.141242937853107,Medium,MedSupplies Inc.,5,0.5
2024-11-10,109,Consumable,Gloves,3243,77,4318,8997.87,474,11,V001,6.841772151898734,High,MedSupplies Inc.,5,0.5
2024-11-11,109,Equipment,Ventilator,2706,578,3839,8243.92,158,6,V003,17.126582278481013,Low,HealthTools Ltd.,15,5000.0
2024-11-12,100,Consumable,Ventilator,2445,213,2961,2860.0,72,6,V003,33.958333333333336,Low,HealthTools Ltd.,15,5000.0
2024-11-13,104,Equipment,Ventilator,2902,385,5319,7091.41,27,5,V001,107.48148148148148,Low,MedSupplies Inc.,5,0.5
2024-11-14,107,Consumable,X-ray Machine,1457,89,5902,13356.24,480,29,V003,3.035416666666667,High,HealthTools Ltd.,15,5000.0
2024-11-15,103,Consumable,X-ray Machine,437,311,4676,10175.7,399,11,V001,1.0952380952380953,High,MedSupplies Inc.,5,0.5
2024-11-16,102,Equipment,X-ray Machine,1732,612,1687,10382.88,378,26,V001,4.582010582010582,High,MedSupplies Inc.,5,0.5
2024-11-17,107,Equipment,Gloves,255,89,2088,12963.49,276,13,V001,0.9239130434782609,High,MedSupplies Inc.,5,0.5
2024-11-18,102,Consumable,IV Drip,2149,235,5509,5517.11,127,17,V001,16.921259842519685,High,MedSupplies Inc.,5,0.5
2024-11-19,100,Consumable,Gloves,4707,21,5808,4415.31,137,26,V001,34.35766423357664,Medium,MedSupplies Inc.,5,0.5
2024-11-20,100,Equipment,Ventilator,2366,513,1469,19355.19,40,6,V001,59.15,Low,MedSupplies Inc.,5,0.5
2024-11-21,104,Equipment,IV Drip,2964,143,4695,2757.06,414,14,V002,7.159420289855072,High,EquipMed Co.,30,20000.0
2024-11-22,105,Equipment,Surgical Mask,3728,936,5517,1620.42,280,12,V001,13.314285714285715,Medium,MedSupplies Inc.,5,0.5
2024-11-23,105,Consumable,IV Drip,3842,196,2163,14073.16,334,23,V001,11.502994011976048,High,MedSupplies Inc.,5,0.5
2024-11-24,106,Consumable,Ventilator,2163,590,3726,12942.68,41,11,V002,52.75609756097561,Low,EquipMed Co.,30,20000.0
2024-11-25,108,Consumable,Ventilator,2186,325,1063,7419.78,130,8,V003,16.815384615384616,Low,HealthTools Ltd.,15,5000.0
2024-11-26,104,Consumable,Ventilator,215,554,835,1536.19,346,1,V001,0.6213872832369942,High,MedSupplies Inc.,5,0.5
2024-11-27,101,Consumable,Ventilator,484,815,2831,5590.96,473,25,V001,1.0232558139534884,High,MedSupplies Inc.,5,0.5
2024-11-28,104,Equipment,Surgical Mask,2018,181,2680,1244.96,287,17,V002,7.031358885017422,High,EquipMed Co.,30,20000.0
2024-11-29,109,Consumable,IV Drip,1278,647,3930,19782.43,426,28,V003,3.0,High,HealthTools Ltd.,15,5000.0
2024-11-30,108,Consumable,Surgical Mask,1078,326,2651,13908.3,337,24,V001,3.198813056379822,High,MedSupplies Inc.,5,0.5
2024-12-01,101,Consumable,Gloves,1248,567,2789,8638.15,381,25,V001,3.2755905511811023,High,MedSupplies Inc.,5,0.5
2024-12-02,101,Consumable,IV Drip,4032,295,2985,18394.64,319,29,V002,12.639498432601881,High,EquipMed Co.,30,20000.0
2024-12-03,107,Consumable,Gloves,3363,260,4363,11309.13,332,25,V003,10.129518072289157,High,HealthTools Ltd.,15,5000.0
2024-12-04,109,Equipment,Gloves,3456,165,5600,14225.64,360,26,V003,9.6,High,HealthTools Ltd.,15,5000.0
2024-12-05,109,Equipment,Gloves,3638,753,2058,10135.64,328,21,V003,11.091463414634147,High,HealthTools Ltd.,15,5000.0
2024-12-06,103,Equipment,Ventilator,4872,805,1872,16529.65,103,15,V003,47.300970873786405,Low,HealthTools Ltd.,15,5000.0
2024-12-07,106,Equipment,IV Drip,1024,39,4578,19648.94,470,1,V002,2.178723404255319,Low,EquipMed Co.,30,20000.0
2024-12-08,107,Equipment,X-ray Machine,1277,136,5626,8242.85,473,15,V002,2.699788583509514,High,EquipMed Co.,30,20000.0
2024-12-09,102,Consumable,IV Drip,4625,82,1409,2946.37,294,4,V001,15.731292517006803,Low,MedSupplies Inc.,5,0.5
2024-12-10,100,Consumable,Ventilator,2632,85,1729,8037.19,300,23,V001,8.773333333333333,High,MedSupplies Inc.,5,0.5
2024-12-11,103,Equipment,IV Drip,4957,107,4741,15954.34,444,16,V002,11.164414414414415,High,EquipMed Co.,30,20000.0
2024-12-12,105,Equipment,Ventilator,1542,216,978,4.23,165,9,V003,9.345454545454546,Medium,HealthTools Ltd.,15,5000.0
2024-12-13,109,Equipment,IV Drip,3817,560,2310,19091.92,161,4,V001,23.70807453416149,Low,MedSupplies Inc.,5,0.5
2024-12-14,104,Equipment,IV Drip,1204,277,1252,13250.46,330,5,V001,3.6484848484848484,High,MedSupplies Inc.,5,0.5
2024-12-15,104,Equipment,Gloves,1711,468,5750,6213.3,242,21,V003,7.070247933884297,High,HealthTools Ltd.,15,5000.0
2024-12-16,106,Equipment,Surgical Mask,1714,768,527,9796.68,256,15,V001,6.6953125,High,MedSupplies Inc.,5,0.5
2024-12-17,104,Equipment,IV Drip,3473,867,892,5281.82,489,29,V002,7.102249488752556,High,EquipMed Co.,30,20000.0
2024-12-18,104,Equipment,X-ray Machine,234,42,4319,8718.91,401,5,V002,0.5835411471321695,High,EquipMed Co.,30,20000.0
2024-12-19,103,Consumable,Surgical Mask,3832,700,5827,12764.56,420,28,V001,9.123809523809523,High,MedSupplies Inc.,5,0.5
2024-12-20,104,Consumable,X-ray Machine,2288,50,715,13481.71,248,18,V002,9.225806451612904,High,EquipMed Co.,30,20000.0
2024-12-21,104,Consumable,IV Drip,4909,208,3379,6455.81,388,28,V001,12.652061855670103,High,MedSupplies Inc.,5,0.5
2024-12-22,108,Equipment,Ventilator,2815,296,3730,459.81,40,20,V001,70.375,Low,MedSupplies Inc.,5,0.5
2024-12-23,104,Equipment,IV Drip,1726,672,3408,7544.2,422,25,V002,4.090047393364929,High,EquipMed Co.,30,20000.0
2024-12-24,103,Equipment,Gloves,343,133,4482,7507.87,260,25,V002,1.3192307692307692,High,EquipMed Co.,30,20000.0
2024-12-25,107,Equipment,Ventilator,4101,597,3745,8240.78,425,4,V002,9.649411764705881,Low,EquipMed Co.,30,20000.0
2024-12-26,105,Consumable,X-ray Machine,2413,301,4856,19314.53,59,19,V001,40.898305084745765,Low,MedSupplies Inc.,5,0.5
2024-12-27,105,Consumable,IV Drip,4485,478,5480,19401.95,484,2,V002,9.266528925619834,Low,EquipMed Co.,30,20000.0
2024-12-28,100,Equipment,IV Drip,3930,974,5246,2974.71,130,13,V003,30.23076923076923,Low,HealthTools Ltd.,15,5000.0
2024-12-29,101,Consumable,Ventilator,1434,585,5992,18268.7,4,21,V001,358.5,Low,MedSupplies Inc.,5,0.5
2024-12-30,105,Equipment,IV Drip,4129,782,563,19569.2,12,8,V001,344.0833333333333,Low,MedSupplies Inc.,5,0.5
2024-12-31,109,Equipment,Surgical Mask,3919,699,4870,5133.32,388,23,V003,10.100515463917526,High,HealthTools Ltd.,15,5000.0
2025-01-01,103,Equipment,X-ray Machine,1126,894,4056,14820.61,111,13,V003,10.144144144144144,High,HealthTools Ltd.,15,5000.0
2025-01-02,100,Equipment,IV Drip,2748,167,2748,3509.51,188,25,V001,14.617021276595745,High,MedSupplies Inc.,5,0.5
2025-01-03,105,Equipment,IV Drip,3846,713,4715,9439.58,141,16,V003,27.27659574468085,Medium,HealthTools Ltd.,15,5000.0
2025-01-04,100,Consumable,Ventilator,690,839,2862,12144.29,353,1,V002,1.954674220963173,Medium,EquipMed Co.,30,20000.0
2025-01-05,101,Consumable,Gloves,3801,613,4285,3592.18,424,2,V002,8.964622641509434,Low,EquipMed Co.,30,20000.0
2025-01-06,102,Consumable,X-ray Machine,4184,633,3969,10943.91,307,14,V001,13.628664495114007,High,MedSupplies Inc.,5,0.5
2025-01-07,104,Consumable,Surgical Mask,1556,221,5265,14776.76,257,2,V001,6.054474708171206,Low,MedSupplies Inc.,5,0.5
2025-01-08,102,Equipment,Surgical Mask,243,370,3138,13348.52,55,4,V002,4.418181818181818,Medium,EquipMed Co.,30,20000.0
2025-01-09,100,Consumable,Ventilator,1196,100,577,12615.11,55,8,V001,21.745454545454546,Low,MedSupplies Inc.,5,0.5
2025-01-10,103,Consumable,Surgical Mask,2787,548,4514,2409.08,112,25,V002,24.883928571428573,High,EquipMed Co.,30,20000.0
2025-01-11,102,Consumable,Gloves,4377,595,5296,19127.81,344,5,V003,12.723837209302326,Low,HealthTools Ltd.,15,5000.0
2025-01-12,100,Consumable,IV Drip,1395,956,1088,2818.77,200,7,V003,6.975,High,HealthTools Ltd.,15,5000.0
2025-01-13,107,Equipment,X-ray Machine,1415,233,5849,12244.95,188,28,V003,7.526595744680851,High,HealthTools Ltd.,15,5000.0
2025-01-14,105,Equipment,IV Drip,2532,872,4241,2591.06,322,27,V001,7.863354037267081,High,MedSupplies Inc.,5,0.5
2025-01-15,109,Equipment,Ventilator,1400,795,4671,10794.3,483,3,V003,2.898550724637681,High,HealthTools Ltd.,15,5000.0
2025-01-16,100,Equipment,IV Drip,2712,721,2525,17348.74,270,14,V002,10.044444444444444,High,EquipMed Co.,30,20000.0
2025-01-17,102,Equipment,Gloves,2087,834,2405,12605.89,441,7,V002,4.732426303854876,High,EquipMed Co.,30,20000.0
2025-01-18,107,Consumable,Surgical Mask,534,813,2444,18171.78,31,16,V002,17.225806451612904,Medium,EquipMed Co.,30,20000.0
2025-01-19,102,Equipment,X-ray Machine,2249,211,4399,13171.06,342,26,V002,6.576023391812866,High,EquipMed Co.,30,20000.0
2025-01-20,109,Consumable,Gloves,2220,742,5268,9108.27,82,17,V002,27.073170731707318,Medium,EquipMed Co.,30,20000.0
2025-01-21,102,Consumable,Ventilator,2180,825,992,9337.51,152,17,V003,14.342105263157896,High,HealthTools Ltd.,15,5000.0
2025-01-22,103,Equipment,X-ray Machine,139,58,5874,4233.14,420,19,V002,0.33095238095238094,High,EquipMed Co.,30,20000.0
2025-01-23,103,Equipment,IV Drip,800,385,4292,19077.24,418,10,V003,1.9138755980861244,High,HealthTools Ltd.,15,5000.0
2025-01-24,102,Equipment,Ventilator,3235,977,5606,6218.86,391,26,V002,8.273657289002557,High,EquipMed Co.,30,20000.0
2025-01-25,103,Equipment,IV Drip,205,639,4192,7999.22,25,1,V001,8.2,Low,MedSupplies Inc.,5,0.5
2025-01-26,104,Equipment,Gloves,1587,589,1638,596.28,35,16,V003,45.34285714285714,Low,HealthTools Ltd.,15,5000.0
2025-01-27,101,Consumable,Gloves,2363,645,4607,7760.43,105,22,V001,22.504761904761907,Medium,MedSupplies Inc.,5,0.5
2025-01-28,102,Consumable,Ventilator,4261,721,2819,2334.56,442,17,V003,9.64027149321267,High,HealthTools Ltd.,15,5000.0
2025-01-29,109,Equipment,Surgical Mask,1923,328,5901,3828.92,359,11,V003,5.3565459610027855,High,HealthTools Ltd.,15,5000.0
2025-01-30,101,Consumable,Ventilator,4541,978,5385,15790.87,458,5,V001,9.914847161572052,Medium,MedSupplies Inc.,5,0.5
2025-01-31,104,Consumable,Surgical Mask,2345,303,2698,9444.07,153,8,V002,15.326797385620916,Medium,EquipMed Co.,30,20000.0
2025-02-01,106,Equipment,Ventilator,3627,15,1262,16754.86,222,24,V002,16.33783783783784,High,EquipMed Co.,30,20000.0
2025-02-02,108,Equipment,Ventilator,104,619,2383,6457.32,6,18,V002,17.333333333333332,High,EquipMed Co.,30,20000.0
2025-02-03,102,Equipment,X-ray Machine,1366,65,4704,7664.23,241,9,V002,5.668049792531121,High,EquipMed Co.,30,20000.0
2025-02-04,103,Consumable,Surgical Mask,3248,486,5052,16642.78,433,7,V003,7.501154734411085,Medium,HealthTools Ltd.,15,5000.0
2025-02-05,100,Consumable,Surgical Mask,69,440,1359,1353.1,410,14,V002,0.16829268292682928,High,EquipMed Co.,30,20000.0
2025-02-06,100,Equipment,Gloves,1057,48,5072,16408.54,453,6,V003,2.3333333333333335,High,HealthTools Ltd.,15,5000.0
2025-02-07,106,Equipment,IV Drip,3831,571,3291,4108.2,239,18,V003,16.02928870292887,High,HealthTools Ltd.,15,5000.0
2025-02-08,100,Consumable,Gloves,4870,274,4699,13098.78,39,6,V003,124.87179487179488,Low,HealthTools Ltd.,15,5000.0
2025-02-09,106,Consumable,Surgical Mask,258,644,599,10657.62,385,5,V001,0.6701298701298701,High,MedSupplies Inc.,5,0.5
2025-02-10,103,Consumable,X-ray Machine,2754,203,4989,15785.82,316,3,V001,8.715189873417721,Low,MedSupplies Inc.,5,0.5
2025-02-11,103,Equipment,Surgical Mask,2283,332,1386,15330.07,207,23,V002,11.028985507246377,High,EquipMed Co.,30,20000.0
2025-02-12,108,Equipment,IV Drip,2194,72,1320,11508.29,74,29,V003,29.64864864864865,Medium,HealthTools Ltd.,15,5000.0
2025-02-13,108,Consumable,IV Drip,2376,26,3871,11614.0,229,27,V002,10.375545851528384,High,EquipMed Co.,30,20000.0
2025-02-14,108,Equipment,Ventilator,1466,199,3397,14687.35,496,18,V001,2.9556451612903225,High,MedSupplies Inc.,5,0.5
2025-02-15,102,Consumable,X-ray Machine,4976,204,2318,12211.46,435,28,V001,11.439080459770114,High,MedSupplies Inc.,5,0.5
2025-02-16,103,Equipment,Gloves,1934,277,1962,11180.05,29,2,V001,66.6896551724138,Low,MedSupplies Inc.,5,0.5
2025-02-17,102,Consumable,X-ray Machine,1243,425,1855,9954.16,400,28,V003,3.1075,High,HealthTools Ltd.,15,5000.0
2025-02-18,100,Equipment,Ventilator,1916,404,3520,19150.22,195,8,V001,9.825641025641026,Medium,MedSupplies Inc.,5,0.5
2025-02-19,108,Equipment,Surgical Mask,152,30,2817,4425.19,37,14,V001,4.108108108108108,High,MedSupplies Inc.,5,0.5
2025-02-20,108,Equipment,IV Drip,1678,110,1468,8742.17,136,26,V002,12.338235294117647,High,EquipMed Co.,30,20000.0
2025-02-21,103,Equipment,Surgical Mask,2206,792,732,8376.04,466,6,V002,4.733905579399142,High,EquipMed Co.,30,20000.0
2025-02-22,108,Consumable,Surgical Mask,957,642,3717,11731.33,160,5,V002,5.98125,Medium,EquipMed Co.,30,20000.0
2025-02-23,102,Consumable,Ventilator,141,62,5790,13675.82,172,27,V002,0.8197674418604651,High,EquipMed Co.,30,20000.0
2025-02-24,108,Consumable,Gloves,1891,465,3872,4455.81,42,18,V001,45.023809523809526,Low,MedSupplies Inc.,5,0.5
2025-02-25,104,Equipment,Surgical Mask,4729,679,3798,11237.37,464,16,V001,10.191810344827585,High,MedSupplies Inc.,5,0.5
2025-02-26,103,Equipment,IV Drip,1497,911,2239,18407.82,285,22,V003,5.252631578947368,High,HealthTools Ltd.,15,5000.0
2025-02-27,100,Equipment,IV Drip,2968,280,3403,4687.32,383,8,V001,7.749347258485639,High,MedSupplies Inc.,5,0.5
2025-02-28,104,Equipment,Gloves,1147,636,5434,2216.52,183,9,V002,6.26775956284153,High,EquipMed Co.,30,20000.0
2025-03-01,103,Consumable,Gloves,1930,760,4130,5585.01,309,19,V003,6.2459546925566345,High,HealthTools Ltd.,15,5000.0
2025-03-02,106,Consumable,Ventilator,4286,985,543,11055.04,119,21,V003,36.016806722689076,Medium,HealthTools Ltd.,15,5000.0
2025-03-03,109,Consumable,X-ray Machine,2842,829,1077,9049.9,171,26,V001,16.619883040935672,High,MedSupplies Inc.,5,0.5
2025-03-04,108,Consumable,IV Drip,1299,42,3522,8807.99,249,8,V001,5.216867469879518,High,MedSupplies Inc.,5,0.5
2025-03-05,100,Consumable,Surgical Mask,3949,417,4953,13084.14,416,3,V003,9.492788461538462,Low,HealthTools Ltd.,15,5000.0
2025-03-06,108,Consumable,Ventilator,4864,771,2669,18329.75,87,9,V003,55.9080459770115,Low,HealthTools Ltd.,15,5000.0
2025-03-07,105,Equipment,Gloves,3649,869,5795,3717.66,58,19,V003,62.91379310344828,Low,HealthTools Ltd.,15,5000.0
2025-03-08,109,Equipment,Surgical Mask,1078,784,3744,6971.8,499,18,V001,2.1603206412825653,High,MedSupplies Inc.,5,0.5
2025-03-09,100,Consumable,X-ray Machine,1766,723,3325,7703.61,24,9,V002,73.58333333333333,Low,EquipMed Co.,30,20000.0
2025-03-10,109,Equipment,Gloves,3961,130,1015,3067.83,125,8,V003,31.688,Low,HealthTools Ltd.,15,5000.0
2025-03-11,106,Consumable,X-ray Machine,2426,75,1917,17810.15,325,2,V001,7.464615384615384,Low,MedSupplies Inc.,5,0.5
2025-03-12,105,Consumable,X-ray Machine,3383,85,4719,18648.9,65,4,V003,52.04615384615385,Low,HealthTools Ltd.,15,5000.0
2025-03-13,103,Equipment,IV Drip,601,865,3055,19984.16,402,27,V001,1.4950248756218905,High,MedSupplies Inc.,5,0.5
2025-03-14,101,Consumable,IV Drip,385,518,5654,4744.54,199,22,V001,1.934673366834171,High,MedSupplies Inc.,5,0.5
2025-03-15,108,Equipment,X-ray Machine,3969,720,4050,1435.5,69,16,V001,57.52173913043478,Low,MedSupplies Inc.,5,0.5
2025-03-16,100,Consumable,IV Drip,3931,818,5914,2967.9,204,25,V001,19.269607843137255,High,MedSupplies Inc.,5,0.5
2025-03-17,104,Consumable,Gloves,712,710,2754,16417.4,481,18,V003,1.4802494802494803,High,HealthTools Ltd.,15,5000.0
2025-03-18,109,Consumable,X-ray Machine,1291,46,3410,18593.6,209,20,V002,6.177033492822966,High,EquipMed Co.,30,20000.0
2025-03-19,106,Consumable,X-ray Machine,847,918,4006,7118.28,387,26,V003,2.1886304909560725,High,HealthTools Ltd.,15,5000.0
2025-03-20,105,Equipment,Ventilator,1851,941,641,19249.94,203,2,V003,9.118226600985222,Low,HealthTools Ltd.,15,5000.0
2025-03-21,107,Consumable,Ventilator,3517,72,1355,15939.13,424,11,V002,8.294811320754716,High,EquipMed Co.,30,20000.0
2025-03-22,108,Consumable,Ventilator,2991,463,1305,7070.18,167,19,V001,17.910179640718564,High,MedSupplies Inc.,5,0.5
2025-03-23,108,Equipment,Ventilator,2969,840,4433,17019.13,439,8,V002,6.763097949886105,High,EquipMed Co.,30,20000.0
2025-03-24,109,Equipment,Surgical Mask,3844,452,4321,12820.29,253,12,V003,15.193675889328063,Medium,HealthTools Ltd.,15,5000.0
2025-03-25,102,Consumable,Ventilator,305,598,3918,8929.95,104,6,V001,2.9326923076923075,High,MedSupplies Inc.,5,0.5
2025-03-26,108,Consumable,Gloves,1385,540,582,9038.79,248,27,V003,5.584677419354839,High,HealthTools Ltd.,15,5000.0
2025-03-27,106,Equipment,Surgical Mask,1596,394,4554,19242.41,129,9,V001,12.372093023255815,Medium,MedSupplies Inc.,5,0.5
2025-03-28,106,Consumable,Gloves,1727,11,5114,5860.81,266,6,V003,6.492481203007519,Medium,HealthTools Ltd.,15,5000.0
2025-03-29,109,Equipment,Ventilator,4201,734,2110,13394.06,76,20,V001,55.276315789473685,Low,MedSupplies Inc.,5,0.5
2025-03-30,101,Consumable,X-ray Machine,457,727,3061,16084.3,429,3,V003,1.0652680652680653,High,HealthTools Ltd.,15,5000.0
2025-03-31,106,Equipment,Surgical Mask,1431,612,4029,7707.98,53,22,V001,27.0,Medium,MedSupplies Inc.,5,0.5
2025-04-01,108,Consumable,X-ray Machine,1661,122,4772,9286.07,210,5,V002,7.90952380952381,Medium,EquipMed Co.,30,20000.0
2025-04-02,108,Equipment,Gloves,1959,117,754,12845.61,357,25,V003,5.487394957983193,High,HealthTools Ltd.,15,5000.0
2025-04-03,103,Equipment,Gloves,4298,159,5767,11755.83,362,2,V002,11.87292817679558,Low,EquipMed Co.,30,20000.0
2025-04-04,102,Equipment,Surgical Mask,3459,600,3381,14664.65,176,1,V001,19.65340909090909,Low,MedSupplies Inc.,5,0.5
2025-04-05,103,Consumable,Gloves,3268,279,2535,17113.0,198,25,V001,16.505050505050505,High,MedSupplies Inc.,5,0.5
2025-04-06,106,Equipment,Surgical Mask,4209,77,2264,10835.1,490,14,V002,8.589795918367347,High,EquipMed Co.,30,20000.0
2025-04-07,103,Consumable,Gloves,1615,883,1431,19188.41,49,16,V001,32.95918367346939,Low,MedSupplies Inc.,5,0.5
2025-04-08,106,Equipment,X-ray Machine,3043,411,2813,5623.07,423,25,V001,7.193853427895981,High,MedSupplies Inc.,5,0.5
2025-04-09,105,Equipment,IV Drip,4643,271,5341,1335.6,37,5,V001,125.48648648648648,Low,MedSupplies Inc.,5,0.5
2025-04-10,107,Consumable,Ventilator,2460,36,513,7687.38,389,1,V002,6.323907455012853,Low,EquipMed Co.,30,20000.0
2025-04-11,100,Consumable,Ventilator,4249,713,5033,19281.88,252,5,V003,16.86111111111111,Low,HealthTools Ltd.,15,5000.0
2025-04-12,108,Consumable,IV Drip,3389,421,5580,15278.79,498,29,V003,6.805220883534137,High,HealthTools Ltd.,15,5000.0
2025-04-13,104,Equipment,IV Drip,362,759,1278,3938.24,204,19,V003,1.7745098039215685,High,HealthTools Ltd.,15,5000.0
2025-04-14,106,Equipment,Surgical Mask,1362,947,4717,19594.12,40,24,V001,34.05,Medium,MedSupplies Inc.,5,0.5
2025-04-15,105,Consumable,Gloves,423,535,1823,14048.5,222,21,V001,1.9054054054054055,High,MedSupplies Inc.,5,0.5
2025-04-16,108,Consumable,X-ray Machine,883,823,4185,15984.82,236,5,V002,3.7415254237288136,High,EquipMed Co.,30,20000.0
2025-04-17,102,Consumable,Ventilator,2123,442,4764,1077.86,191,6,V002,11.115183246073299,Medium,EquipMed Co.,30,20000.0
2025-04-18,103,Consumable,IV Drip,4094,578,1768,14453.29,174,15,V002,23.528735632183906,Medium,EquipMed Co.,30,20000.0
2025-04-19,109,Consumable,IV Drip,3018,68,5379,9672.78,460,23,V002,6.560869565217391,High,EquipMed Co.,30,20000.0
2025-04-20,107,Consumable,IV Drip,4293,27,1538,15898.63,299,16,V001,14.357859531772576,High,MedSupplies Inc.,5,0.5
2025-04-21,105,Equipment,Gloves,998,224,3017,14321.3,161,20,V002,6.198757763975156,High,EquipMed Co.,30,20000.0
2025-04-22,103,Consumable,X-ray Machine,2554,873,500,3528.79,386,13,V002,6.616580310880829,High,EquipMed Co.,30,20000.0
2025-04-23,104,Consumable,IV Drip,4192,995,5911,18374.44,237,8,V002,17.68776371308017,Low,EquipMed Co.,30,20000.0
2025-04-24,105,Consumable,X-ray Machine,4181,230,3970,11554.34,176,1,V003,23.755681818181817,Low,HealthTools Ltd.,15,5000.0
2025-04-25,103,Consumable,Ventilator,2307,215,2298,7714.83,163,26,V001,14.153374233128835,High,MedSupplies Inc.,5,0.5
2025-04-26,103,Equipment,Surgical Mask,1225,401,1100,4554.51,299,21,V002,4.096989966555184,High,EquipMed Co.,30,20000.0
2025-04-27,107,Consumable,Surgical Mask,2159,292,4074,15670.89,299,21,V001,7.2207357859531776,High,MedSupplies Inc.,5,0.5
2025-04-28,109,Consumable,Ventilator,1255,283,5623,19414.06,365,27,V002,3.4383561643835616,High,EquipMed Co.,30,20000.0
2025-04-29,109,Consumable,Surgical Mask,4670,718,1848,14710.54,203,6,V003,23.004926108374384,Low,HealthTools Ltd.,15,5000.0
2025-04-30,109,Equipment,IV Drip,4652,565,1625,12197.47,427,11,V003,10.894613583138174,High,HealthTools Ltd.,15,5000.0
2025-05-01,107,Equipment,Gloves,2208,441,2447,19006.75,253,25,V001,8.727272727272727,High,MedSupplies Inc.,5,0.5
2025-05-02,103,Consumable,Surgical Mask,729,744,5222,14231.58,233,12,V002,3.128755364806867,High,EquipMed Co.,30,20000.0
2025-05-03,102,Equipment,Ventilator,1308,135,2525,9129.72,47,22,V003,27.829787234042552,Medium,HealthTools Ltd.,15,5000.0
2025-05-04,103,Consumable,Gloves,1951,358,925,6433.42,488,29,V002,3.997950819672131,High,EquipMed Co.,30,20000.0
2025-05-05,109,Consumable,Ventilator,3037,515,5377,3774.51,464,7,V002,6.545258620689655,High,EquipMed Co.,30,20000.0
2025-05-06,107,Consumable,IV Drip,644,850,1637,17473.68,110,2,V003,5.8545454545454545,Low,HealthTools Ltd.,15,5000.0
2025-05-07,107,Equipment,Ventilator,1536,708,2949,14457.92,219,21,V003,7.013698630136986,High,HealthTools Ltd.,15,5000.0
2025-05-08,105,Consumable,IV Drip,151,805,862,19561.59,106,14,V003,1.4245283018867925,High,HealthTools Ltd.,15,5000.0
2025-05-09,101,Consumable,Surgical Mask,2474,16,1470,1504.53,41,16,V001,60.34146341463415,Low,MedSupplies Inc.,5,0.5
2025-05-10,102,Consumable,Gloves,4330,913,4919,6294.82,109,16,V001,39.72477064220183,Low,MedSupplies Inc.,5,0.5
2025-05-11,102,Equipment,X-ray Machine,2132,703,5903,8129.55,369,12,V001,5.777777777777778,High,MedSupplies Inc.,5,0.5
2025-05-12,108,Equipment,Gloves,1036,897,4528,19250.87,337,22,V001,3.0741839762611276,High,MedSupplies Inc.,5,0.5
2025-05-13,101,Equipment,X-ray Machine,573,514,5251,11815.94,428,4,V003,1.338785046728972,High,HealthTools Ltd.,15,5000.0
2025-05-14,105,Consumable,Surgical Mask,2718,36,1246,13601.84,349,10,V003,7.787965616045845,High,HealthTools Ltd.,15,5000.0
2025-05-15,108,Consumable,Ventilator,3261,645,4262,5417.61,449,23,V003,7.262806236080178,High,HealthTools Ltd.,15,5000.0
2025-05-16,104,Equipment,IV Drip,2458,725,840,5150.14,64,25,V002,38.40625,Medium,EquipMed Co.,30,20000.0
2025-05-17,100,Consumable,IV Drip,4016,815,1064,6855.76,45,24,V003,89.24444444444444,Low,HealthTools Ltd.,15,5000.0
2025-05-18,102,Equipment,IV Drip,3299,103,2445,1680.4,382,5,V003,8.636125654450261,Medium,HealthTools Ltd.,15,5000.0
2025-05-19,105,Equipment,Surgical Mask,4094,443,4768,18790.34,131,29,V003,31.251908396946565,Medium,HealthTools Ltd.,15,5000.0
2025-05-20,105,Consumable,Surgical Mask,4092,542,4677,8103.52,23,27,V003,177.91304347826087,Low,HealthTools Ltd.,15,5000.0
2025-05-21,100,Consumable,X-ray Machine,4732,487,1145,4010.43,381,24,V003,12.41994750656168,High,HealthTools Ltd.,15,5000.0
2025-05-22,108,Consumable,Gloves,3261,897,1211,6876.61,409,25,V001,7.973105134474328,High,MedSupplies Inc.,5,0.5
2025-05-23,101,Consumable,Gloves,4860,450,4851,3916.18,429,18,V001,11.328671328671328,High,MedSupplies Inc.,5,0.5
2025-05-24,101,Consumable,Ventilator,3582,967,3921,5117.16,340,21,V003,10.535294117647059,High,HealthTools Ltd.,15,5000.0
2025-05-25,100,Consumable,X-ray Machine,2851,449,606,15152.04,223,6,V002,12.784753363228699,Low,EquipMed Co.,30,20000.0
2025-05-26,103,Consumable,Surgical Mask,2466,742,1254,4760.82,462,22,V002,5.337662337662338,High,EquipMed Co.,30,20000.0
2025-05-27,108,Consumable,Surgical Mask,1596,161,2127,13977.02,392,15,V002,4.071428571428571,High,EquipMed Co.,30,20000.0
2025-05-28,108,Equipment,IV Drip,820,707,5780,11867.51,212,20,V002,3.8679245283018866,High,EquipMed Co.,30,20000.0
2025-05-29,104,Consumable,X-ray Machine,1451,659,1437,2902.09,228,9,V003,6.364035087719298,High,HealthTools Ltd.,15,5000.0
2025-05-30,104,Equipment,X-ray Machine,125,650,3782,15274.29,310,4,V002,0.4032258064516129,High,EquipMed Co.,30,20000.0
2025-05-31,100,Consumable,Surgical Mask,2016,624,5009,17057.52,319,6,V001,6.3197492163009406,Medium,MedSupplies Inc.,5,0.5
2025-06-01,109,Equipment,X-ray Machine,3173,413,4582,19119.77,414,4,V002,7.664251207729468,Medium,EquipMed Co.,30,20000.0
2025-06-02,103,Consumable,IV Drip,4059,465,5984,19180.01,213,21,V002,19.056338028169016,High,EquipMed Co.,30,20000.0
2025-06-03,107,Consumable,IV Drip,4140,60,3197,14127.56,9,7,V002,460.0,Low,EquipMed Co.,30,20000.0
2025-06-04,103,Consumable,Surgical Mask,3765,560,4650,5827.25,459,2,V002,8.202614379084967,Low,EquipMed Co.,30,20000.0
2025-06-05,102,Equipment,Surgical Mask,2370,973,3452,758.71,298,26,V001,7.953020134228188,High,MedSupplies Inc.,5,0.5
2025-06-06,101,Consumable,X-ray Machine,3928,774,2709,7804.91,419,10,V002,9.374701670644392,High,EquipMed Co.,30,20000.0
2025-06-07,101,Equipment,X-ray Machine,4406,424,1029,14662.67,175,13,V001,25.177142857142858,Medium,MedSupplies Inc.,5,0.5
2025-06-08,102,Equipment,Gloves,965,559,5093,18812.8,446,24,V002,2.163677130044843,High,EquipMed Co.,30,20000.0
2025-06-09,101,Consumable,X-ray Machine,4739,962,2979,2271.25,204,23,V001,23.230392156862745,Medium,MedSupplies Inc.,5,0.5
2025-06-10,104,Consumable,X-ray Machine,3266,904,4100,10845.07,254,6,V003,12.858267716535433,Low,HealthTools Ltd.,15,5000.0
2025-06-11,102,Consumable,Ventilator,2480,655,3634,9495.74,201,3,V001,12.338308457711443,Low,MedSupplies Inc.,5,0.5
2025-06-12,105,Equipment,Surgical Mask,714,69,5435,915.04,118,26,V001,6.0508474576271185,High,MedSupplies Inc.,5,0.5
2025-06-13,105,Consumable,X-ray Machine,1341,986,4594,13013.72,312,28,V002,4.298076923076923,High,EquipMed Co.,30,20000.0
2025-06-14,105,Equipment,Ventilator,200,484,1610,17451.66,470,15,V001,0.425531914893617,High,MedSupplies Inc.,5,0.5
2025-06-15,102,Equipment,X-ray Machine,3694,455,3055,9237.32,245,20,V001,15.077551020408164,High,MedSupplies Inc.,5,0.5
2025-06-16,105,Equipment,Surgical Mask,1293,809,1789,10465.55,69,6,V001,18.73913043478261,Low,MedSupplies Inc.,5,0.5
2025-06-17,107,Consumable,Gloves,4788,976,4514,3556.21,304,27,V002,15.75,High,EquipMed Co.,30,20000.0
2025-06-18,107,Equipment,IV Drip,1638,355,5248,2422.81,8,25,V003,204.75,Low,HealthTools Ltd.,15,5000.0
2025-06-19,106,Consumable,Surgical Mask,2442,213,5708,12277.15,249,29,V003,9.80722891566265,High,HealthTools Ltd.,15,5000.0
2025-06-20,101,Consumable,Surgical Mask,3015,667,1897,14328.34,313,29,V002,9.63258785942492,High,EquipMed Co.,30,20000.0
2025-06-21,106,Consumable,Ventilator,2513,41,2954,5750.42,86,4,V003,29.22093023255814,Low,HealthTools Ltd.,15,5000.0
2025-06-22,107,Consumable,Ventilator,805,681,3105,9989.26,87,16,V002,9.25287356321839,High,EquipMed Co.,30,20000.0
2025-06-23,102,Consumable,Ventilator,3784,94,2325,19161.21,327,2,V002,11.571865443425077,Low,EquipMed Co.,30,20000.0
2025-06-24,103,Equipment,Gloves,3758,100,1202,666.95,20,26,V001,187.9,Low,MedSupplies Inc.,5,0.5
2025-06-25,101,Consumable,Ventilator,1372,49,3385,4716.65,172,23,V002,7.976744186046512,High,EquipMed Co.,30,20000.0
2025-06-26,109,Consumable,Surgical Mask,2833,767,5233,2061.51,327,11,V003,8.663608562691131,High,HealthTools Ltd.,15,5000.0
2025-06-27,105,Consumable,Ventilator,360,188,5696,16439.94,353,8,V002,1.019830028328612,High,EquipMed Co.,30,20000.0
2025-06-28,109,Equipment,X-ray Machine,2692,596,1181,19844.87,358,9,V001,7.5195530726256985,High,MedSupplies Inc.,5,0.5
2025-06-29,109,Equipment,X-ray Machine,3913,304,2944,3195.0,343,18,V001,11.408163265306122,High,MedSupplies Inc.,5,0.5
2025-06-30,102,Consumable,IV Drip,351,590,4281,15038.14,362,26,V003,0.9696132596685083,High,HealthTools Ltd.,15,5000.0
2025-07-01,100,Equipment,X-ray Machine,2021,389,2269,5747.94,278,8,V003,7.26978417266187,High,HealthTools Ltd.,15,5000.0
2025-07-02,109,Consumable,IV Drip,1389,561,3237,6575.23,245,20,V003,5.669387755102041,High,HealthTools Ltd.,15,5000.0
2025-07-03,101,Equipment,X-ray Machine,2014,137,4405,18597.0,140,8,V001,14.385714285714286,Medium,MedSupplies Inc.,5,0.5
2025-07-04,109,Consumable,Gloves,1228,217,2942,14250.61,172,10,V002,7.1395348837209305,High,EquipMed Co.,30,20000.0
2025-07-05,100,Equipment,IV Drip,3754,23,4794,16241.58,68,21,V002,55.205882352941174,Low,EquipMed Co.,30,20000.0
2025-07-06,106,Equipment,X-ray Machine,2727,173,2655,9095.5,225,2,V001,12.12,Low,MedSupplies Inc.,5,0.5
2025-07-07,100,Consumable,IV Drip,4779,496,5318,6545.59,414,18,V002,11.543478260869565,High,EquipMed Co.,30,20000.0
2025-07-08,104,Equipment,IV Drip,466,901,5223,2766.57,406,25,V002,1.1477832512315271,High,EquipMed Co.,30,20000.0
2025-07-09,108,Consumable,X-ray Machine,1872,405,5050,12507.75,210,29,V002,8.914285714285715,High,EquipMed Co.,30,20000.0
2025-07-10,104,Equipment,Surgical Mask,3449,369,3482,13596.86,326,11,V001,10.579754601226995,High,MedSupplies Inc.,5,0.5
2025-07-11,103,Consumable,Ventilator,4242,341,5310,18607.98,240,13,V002,17.675,Medium,EquipMed Co.,30,20000.0
2025-07-12,103,Consumable,IV Drip,1775,832,4339,2503.52,476,16,V003,3.7289915966386555,High,HealthTools Ltd.,15,5000.0
2025-07-13,108,Equipment,IV Drip,563,430,4955,14741.34,258,3,V001,2.182170542635659,High,MedSupplies Inc.,5,0.5
2025-07-14,108,Consumable,IV Drip,3624,92,2332,10931.03,162,1,V001,22.37037037037037,Low,MedSupplies Inc.,5,0.5
2025-07-15,107,Consumable,Ventilator,2463,213,540,9146.87,425,25,V002,5.7952941176470585,High,EquipMed Co.,30,20000.0
2025-07-16,100,Consumable,IV Drip,3240,701,4690,15058.49,364,22,V003,8.901098901098901,High,HealthTools Ltd.,15,5000.0
2025-07-17,103,Equipment,IV Drip,2572,172,4591,12145.71,104,6,V001,24.73076923076923,Low,MedSupplies Inc.,5,0.5
2025-07-18,108,Consumable,X-ray Machine,1089,964,2646,2055.54,250,20,V002,4.356,High,EquipMed Co.,30,20000.0
2025-07-19,107,Equipment,Surgical Mask,1276,90,5167,8383.42,172,1,V001,7.4186046511627906,Low,MedSupplies Inc.,5,0.5
2025-07-20,107,Consumable,Gloves,3801,550,3149,19913.41,52,18,V001,73.09615384615384,Low,MedSupplies Inc.,5,0.5
2025-07-21,101,Consumable,Gloves,156,403,2447,15351.22,486,24,V001,0.32098765432098764,High,MedSupplies Inc.,5,0.5
2025-07-22,108,Consumable,Ventilator,4402,879,1196,15251.73,351,15,V003,12.54131054131054,High,HealthTools Ltd.,15,5000.0
2025-07-23,104,Equipment,Gloves,1667,18,5550,18444.16,467,21,V003,3.569593147751606,High,HealthTools Ltd.,15,5000.0
2025-07-24,107,Consumable,Surgical Mask,3308,155,1811,14587.84,439,27,V003,7.5353075170842825,High,HealthTools Ltd.,15,5000.0
2025-07-25,100,Consumable,Gloves,3134,762,3364,16959.77,464,5,V003,6.754310344827586,Medium,HealthTools Ltd.,15,5000.0
2025-07-26,104,Equipment,Surgical Mask,481,246,2674,8021.97,253,5,V003,1.901185770750988,High,HealthTools Ltd.,15,5000.0
2025-07-27,109,Equipment,Surgical Mask,840,230,4983,8003.19,308,13,V003,2.727272727272727,High,HealthTools Ltd.,15,5000.0
2025-07-28,100,Equipment,X-ray Machine,4518,675,4916,19140.66,430,13,V002,10.506976744186046,High,EquipMed Co.,30,20000.0
2025-07-29,106,Consumable,Gloves,2068,360,5099,15149.99,233,5,V003,8.875536480686696,Medium,HealthTools Ltd.,15,5000.0
2025-07-30,104,Equipment,IV Drip,3932,133,2203,9426.57,350,16,V003,11.234285714285715,High,HealthTools Ltd.,15,5000.0
2025-07-31,102,Consumable,Ventilator,3446,111,5632,9792.19,133,6,V001,25.909774436090224,Low,MedSupplies Inc.,5,0.5
2025-08-01,104,Equipment,IV Drip,4012,709,3400,332.31,185,23,V001,21.686486486486487,High,MedSupplies Inc.,5,0.5
2025-08-02,106,Equipment,Gloves,880,389,4031,4595.06,433,25,V003,2.032332563510393,High,HealthTools Ltd.,15,5000.0
2025-08-03,103,Equipment,Gloves,3926,69,4966,9426.31,377,14,V003,10.413793103448276,High,HealthTools Ltd.,15,5000.0
2025-08-04,103,Equipment,IV Drip,3973,196,5539,5876.33,491,21,V001,8.091649694501019,High,MedSupplies Inc.,5,0.5
2025-08-05,107,Equipment,X-ray Machine,2270,284,4909,19636.33,405,21,V001,5.604938271604938,High,MedSupplies Inc.,5,0.5
2025-08-06,108,Consumable,Gloves,771,534,2697,2310.89,273,27,V001,2.8241758241758244,High,MedSupplies Inc.,5,0.5
2025-08-07,105,Consumable,X-ray Machine,2338,907,4448,10111.41,54,29,V001,43.2962962962963,Medium,MedSupplies Inc.,5,0.5
2025-08-08,100,Equipment,Ventilator,248,293,1024,198.75,470,8,V001,0.5276595744680851,High,MedSupplies Inc.,5,0.5
2025-08-09,108,Consumable,Gloves,312,532,1157,5450.73,195,15,V001,1.6,High,MedSupplies Inc.,5,0.5
2025-08-10,105,Equipment,IV Drip,3554,973,2147,4489.01,405,24,V001,8.77530864197531,High,MedSupplies Inc.,5,0.5
2025-08-11,104,Consumable,X-ray Machine,4223,967,2997,12101.98,494,21,V002,8.548582995951417,High,EquipMed Co.,30,20000.0
2025-08-12,107,Consumable,Ventilator,2491,794,1817,17744.44,441,6,V003,5.648526077097506,High,HealthTools Ltd.,15,5000.0
2025-08-13,104,Equipment,Surgical Mask,519,293,1291,11329.09,409,8,V003,1.2689486552567237,High,HealthTools Ltd.,15,5000.0
2025-08-14,101,Equipment,Ventilator,1908,646,5505,12882.23,300,5,V001,6.36,Medium,MedSupplies Inc.,5,0.5
2025-08-15,103,Consumable,X-ray Machine,1238,784,636,5598.83,341,16,V003,3.63049853372434,High,HealthTools Ltd.,15,5000.0
2025-08-16,103,Consumable,Gloves,334,522,2758,6177.68,238,10,V001,1.403361344537815,High,MedSupplies Inc.,5,0.5
2025-08-17,109,Consumable,Gloves,1020,17,4353,9980.36,192,6,V002,5.3125,High,EquipMed Co.,30,20000.0
2025-08-18,102,Equipment,Surgical Mask,1588,675,3962,11371.41,16,26,V002,99.25,Low,EquipMed Co.,30,20000.0
2025-08-19,105,Equipment,X-ray Machine,2519,77,911,10926.81,354,2,V003,7.1158192090395485,Low,HealthTools Ltd.,15,5000.0
2025-08-20,102,Consumable,Gloves,1808,837,3737,5201.3,281,21,V002,6.434163701067615,High,EquipMed Co.,30,20000.0
2025-08-21,103,Consumable,Gloves,4099,770,919,2919.89,345,1,V001,11.881159420289855,Low,MedSupplies Inc.,5,0.5
2025-08-22,105,Consumable,X-ray Machine,1589,382,4238,7367.76,361,2,V002,4.401662049861496,Low,EquipMed Co.,30,20000.0
2025-08-23,107,Consumable,Ventilator,161,521,1472,15682.5,92,20,V001,1.75,High,MedSupplies Inc.,5,0.5
2025-08-24,102,Consumable,IV Drip,1829,430,2849,11922.86,318,10,V003,5.751572327044025,High,HealthTools Ltd.,15,5000.0
2025-08-25,107,Consumable,Ventilator,4740,438,4420,3637.87,132,3,V001,35.90909090909091,Low,MedSupplies Inc.,5,0.5
2025-08-26,101,Equipment,X-ray Machine,4964,735,3886,4664.74,404,17,V003,12.287128712871286,High,HealthTools Ltd.,15,5000.0
2025-08-27,106,Equipment,Ventilator,2031,635,3314,18083.89,141,24,V003,14.404255319148936,High,HealthTools Ltd.,15,5000.0
2025-08-28,105,Equipment,Gloves,2588,768,1246,7924.06,115,27,V001,22.504347826086956,High,MedSupplies Inc.,5,0.5
2025-08-29,100,Equipment,X-ray Machine,4174,521,1468,17074.09,301,19,V003,13.867109634551495,High,HealthTools Ltd.,15,5000.0
2025-08-30,100,Equipment,Gloves,1877,210,3012,19549.43,331,26,V003,5.670694864048339,High,HealthTools Ltd.,15,5000.0
2025-08-31,103,Equipment,Gloves,359,633,3817,7157.67,394,27,V002,0.9111675126903553,High,EquipMed Co.,30,20000.0
2025-09-01,101,Equipment,Gloves,3916,176,3441,258.85,192,11,V002,20.395833333333332,Medium,EquipMed Co.,30,20000.0
2025-09-02,109,Equipment,Ventilator,3491,948,5566,14555.91,477,17,V001,7.318658280922432,High,MedSupplies Inc.,5,0.5
2025-09-03,109,Consumable,IV Drip,3936,686,2435,9709.02,374,18,V001,10.524064171122994,High,MedSupplies Inc.,5,0.5
2025-09-04,106,Consumable,Surgical Mask,4343,78,986,17748.49,175,9,V003,24.81714285714286,Low,HealthTools Ltd.,15,5000.0
2025-09-05,106,Consumable,IV Drip,177,101,5452,3385.0,224,29,V002,0.7901785714285714,High,EquipMed Co.,30,20000.0
2025-09-06,107,Consumable,Surgical Mask,221,791,3380,4865.33,472,18,V003,0.4682203389830508,High,HealthTools Ltd.,15,5000.0
2025-09-07,108,Consumable,X-ray Machine,1157,663,4558,9433.1,398,27,V001,2.907035175879397,High,MedSupplies Inc.,5,0.5
2025-09-08,108,Consumable,IV Drip,4208,947,3464,2715.95,70,18,V001,60.114285714285714,Low,MedSupplies Inc.,5,0.5
2025-09-09,107,Consumable,Surgical Mask,3324,338,5603,7207.0,174,6,V002,19.103448275862068,Low,EquipMed Co.,30,20000.0
2025-09-10,100,Equipment,Gloves,1293,656,3747,311.77,489,10,V003,2.644171779141104,High,HealthTools Ltd.,15,5000.0
2025-09-11,108,Consumable,X-ray Machine,4885,360,2994,16035.71,136,7,V002,35.919117647058826,Low,EquipMed Co.,30,20000.0
2025-09-12,106,Equipment,IV Drip,2962,150,4949,2014.53,298,13,V001,9.939597315436242,High,MedSupplies Inc.,5,0.5
2025-09-13,108,Consumable,Ventilator,4312,620,3596,11917.36,111,7,V001,38.846846846846844,Low,MedSupplies Inc.,5,0.5
2025-09-14,109,Equipment,X-ray Machine,3877,909,3270,5245.0,401,16,V002,9.668329177057357,High,EquipMed Co.,30,20000.0
2025-09-15,108,Consumable,Gloves,3504,242,5948,600.78,179,25,V002,19.575418994413408,High,EquipMed Co.,30,20000.0
2025-09-16,103,Equipment,Gloves,3859,538,3771,2194.35,296,2,V003,13.037162162162161,Low,HealthTools Ltd.,15,5000.0
2025-09-17,106,Equipment,Gloves,3951,271,797,13984.45,36,15,V002,109.75,Low,EquipMed Co.,30,20000.0
2025-09-18,101,Consumable,Surgical Mask,3931,562,1847,17821.3,363,6,V003,10.829201101928374,Medium,HealthTools Ltd.,15,5000.0
2025-09-19,107,Equipment,IV Drip,2453,449,3699,1094.03,285,10,V001,8.60701754385965,High,MedSupplies Inc.,5,0.5
2025-09-20,104,Equipment,X-ray Machine,2348,935,4203,5629.09,118,6,V002,19.89830508474576,Low,EquipMed Co.,30,20000.0
2025-09-21,109,Consumable,IV Drip,2842,703,4831,7968.93,82,7,V002,34.65853658536585,Low,EquipMed Co.,30,20000.0
2025-09-22,102,Equipment,IV Drip,329,288,5644,19573.66,38,12,V003,8.657894736842104,High,HealthTools Ltd.,15,5000.0
2025-09-23,100,Consumable,Surgical Mask,1196,367,4168,8853.64,2,26,V003,598.0,Low,HealthTools Ltd.,15,5000.0
2025-09-24,108,Consumable,Surgical Mask,3962,545,4002,16497.31,466,17,V003,8.50214592274678,High,HealthTools Ltd.,15,5000.0
2025-09-25,102,Consumable,Gloves,3675,261,5140,5622.76,287,20,V001,12.804878048780488,High,MedSupplies Inc.,5,0.5
2025-09-26,107,Equipment,IV Drip,3359,900,5398,9363.66,35,27,V002,95.97142857142858,Low,EquipMed Co.,30,20000.0
2025-09-27,108,Equipment,Surgical Mask,4974,942,1360,16517.32,373,24,V002,13.335120643431635,High,EquipMed Co.,30,20000.0
2025-09-28,104,Consumable,Gloves,865,757,728,15373.96,4,19,V003,216.25,Low,HealthTools Ltd.,15,5000.0
2025-09-29,104,Consumable,X-ray Machine,1729,197,5446,4771.7,418,26,V001,4.136363636363637,High,MedSupplies Inc.,5,0.5
2025-09-30,101,Equipment,Surgical Mask,2704,44,1579,5054.72,172,17,V002,15.720930232558139,High,EquipMed Co.,30,20000.0
2025-10-01,107,Consumable,Surgical Mask,2071,976,3095,10969.69,346,10,V001,5.985549132947977,High,MedSupplies Inc.,5,0.5
2025-10-02,106,Consumable,X-ray Machine,860,400,855,18760.33,2,11,V003,430.0,Low,HealthTools Ltd.,15,5000.0
2025-10-03,109,Equipment,X-ray Machine,562,354,5849,2399.0,355,10,V003,1.5830985915492957,High,HealthTools Ltd.,15,5000.0
2025-10-04,104,Consumable,Surgical Mask,3000,598,2903,15441.35,441,10,V001,6.802721088435374,High,MedSupplies Inc.,5,0.5
2025-10-05,101,Equipment,X-ray Machine,4879,27,5410,14752.14,306,8,V001,15.944444444444445,Medium,MedSupplies Inc.,5,0.5
2025-10-06,105,Equipment,X-ray Machine,3189,617,591,17015.59,104,27,V001,30.66346153846154,Medium,MedSupplies Inc.,5,0.5
2025-10-07,109,Consumable,Gloves,4433,570,2610,17784.06,297,24,V001,14.925925925925926,High,MedSupplies Inc.,5,0.5
2025-10-08,107,Consumable,Surgical Mask,2895,815,997,17668.57,83,23,V001,34.87951807228916,Medium,MedSupplies Inc.,5,0.5
2025-10-09,101,Equipment,X-ray Machine,2037,10,2799,18018.37,42,11,V001,48.5,Low,MedSupplies Inc.,5,0.5
2025-10-10,103,Equipment,Gloves,4143,468,3138,19614.11,311,12,V003,13.321543408360128,Medium,HealthTools Ltd.,15,5000.0
2025-10-11,105,Equipment,Surgical Mask,1336,635,5470,6648.92,470,8,V001,2.842553191489362,High,MedSupplies Inc.,5,0.5
2025-10-12,107,Consumable,Surgical Mask,4379,886,4647,18580.26,176,28,V001,24.880681818181817,High,MedSupplies Inc.,5,0.5
2025-10-13,103,Consumable,Surgical Mask,3607,14,1402,18951.23,93,1,V002,38.784946236559136,Low,EquipMed Co.,30,20000.0
2025-10-14,106,Equipment,X-ray Machine,4413,617,3227,12963.82,384,23,V003,11.4921875,High,HealthTools Ltd.,15,5000.0
2025-10-15,106,Consumable,X-ray Machine,3459,966,3040,13291.98,450,1,V003,7.6866666666666665,Low,HealthTools Ltd.,15,5000.0
2025-10-16,107,Consumable,IV Drip,2921,649,800,7171.49,298,3,V003,9.802013422818792,Low,HealthTools Ltd.,15,5000.0
2025-10-17,109,Equipment,Gloves,1373,532,2366,14906.21,295,23,V001,4.654237288135593,High,MedSupplies Inc.,5,0.5
2025-10-18,101,Equipment,IV Drip,4678,807,3281,12051.42,397,16,V001,11.78337531486146,High,MedSupplies Inc.,5,0.5
2025-10-19,109,Consumable,Gloves,4621,875,1346,15726.49,208,9,V001,22.216346153846153,Low,MedSupplies Inc.,5,0.5
2025-10-20,106,Consumable,Ventilator,561,883,1652,3070.7,413,16,V001,1.3583535108958837,High,MedSupplies Inc.,5,0.5
2025-10-21,100,Consumable,IV Drip,2729,250,3828,16291.95,282,25,V002,9.677304964539006,High,EquipMed Co.,30,20000.0
2025-10-22,103,Consumable,Surgical Mask,4416,535,2408,14467.77,252,23,V001,17.523809523809526,High,MedSupplies Inc.,5,0.5
2025-10-23,108,Equipment,Ventilator,320,285,2617,10919.13,243,20,V001,1.316872427983539,High,MedSupplies Inc.,5,0.5
2025-10-24,104,Equipment,Ventilator,2178,51,5293,5194.7,54,15,V002,40.333333333333336,Low,EquipMed Co.,30,20000.0
2025-10-25,101,Equipment,Ventilator,497,214,1810,1953.94,471,3,V001,1.0552016985138004,High,MedSupplies Inc.,5,0.5
2025-10-26,104,Equipment,Gloves,4519,438,3334,9696.92,192,4,V001,23.536458333333332,Low,MedSupplies Inc.,5,0.5
2025-10-27,105,Consumable,X-ray Machine,93,61,5214,2892.86,348,2,V002,0.2672413793103448,High,EquipMed Co.,30,20000.0
2025-10-28,100,Consumable,X-ray Machine,3849,117,516,15235.58,78,11,V001,49.34615384615385,Low,MedSupplies Inc.,5,0.5
2025-10-29,103,Equipment,Ventilator,2633,154,2411,18491.22,162,5,V001,16.253086419753085,Low,MedSupplies Inc.,5,0.5
2025-10-30,101,Consumable,X-ray Machine,3410,514,3909,16406.52,463,1,V001,7.365010799136069,Low,MedSupplies Inc.,5,0.5
2025-10-31,104,Consumable,Surgical Mask,2931,764,5823,6609.51,374,25,V003,7.836898395721925,High,HealthTools Ltd.,15,5000.0
2025-11-01,104,Equipment,X-ray Machine,2887,943,2557,2920.51,393,19,V001,7.346055979643766,High,MedSupplies Inc.,5,0.5
2025-11-02,104,Consumable,Gloves,4587,536,2429,158.76,197,7,V001,23.284263959390863,Low,MedSupplies Inc.,5,0.5
2025-11-03,100,Consumable,Ventilator,2678,686,1600,13273.33,47,24,V001,56.97872340425532,Low,MedSupplies Inc.,5,0.5
2025-11-04,100,Consumable,IV Drip,1050,124,2228,3752.65,119,13,V003,8.823529411764707,High,HealthTools Ltd.,15,5000.0
2025-11-05,108,Equipment,Surgical Mask,4057,142,5851,14331.23,342,16,V002,11.862573099415204,High,EquipMed Co.,30,20000.0
2025-11-06,104,Consumable,IV Drip,4938,313,2448,11508.87,174,27,V002,28.379310344827587,Medium,EquipMed Co.,30,20000.0
2025-11-07,106,Equipment,Ventilator,2440,906,2282,9400.61,477,24,V001,5.115303983228512,High,MedSupplies Inc.,5,0.5
2025-11-08,109,Equipment,Ventilator,4070,827,3393,15350.9,279,25,V002,14.587813620071685,High,EquipMed Co.,30,20000.0
2025-11-09,103,Consumable,IV Drip,3596,943,5451,19621.33,271,17,V001,13.269372693726938,High,MedSupplies Inc.,5,0.5
2025-11-10,103,Equipment,Ventilator,3770,264,3502,2572.32,257,19,V003,14.669260700389104,High,HealthTools Ltd.,15,5000.0
2025-11-11,102,Equipment,Ventilator,2871,469,3181,11010.6,435,14,V002,6.6,High,EquipMed Co.,30,20000.0
2025-11-12,101,Consumable,Ventilator,4488,822,3983,6264.8,486,2,V003,9.234567901234568,Low,HealthTools Ltd.,15,5000.0
2025-11-13,102,Consumable,X-ray Machine,300,591,2399,559.59,183,23,V002,1.639344262295082,High,EquipMed Co.,30,20000.0
2025-11-14,101,Consumable,X-ray Machine,3716,370,4749,587.41,179,4,V003,20.75977653631285,Low,HealthTools Ltd.,15,5000.0
2025-11-15,103,Consumable,Gloves,2672,504,2060,11552.65,394,27,V003,6.781725888324873,High,HealthTools Ltd.,15,5000.0
2025-11-16,104,Consumable,IV Drip,1615,794,4345,1658.77,290,7,V001,5.568965517241379,High,MedSupplies Inc.,5,0.5
2025-11-17,101,Equipment,Surgical Mask,189,282,5654,879.04,245,8,V001,0.7714285714285715,High,MedSupplies Inc.,5,0.5
2025-11-18,101,Equipment,IV Drip,2256,788,576,3457.98,41,26,V002,55.02439024390244,Low,EquipMed Co.,30,20000.0
2025-11-19,100,Equipment,IV Drip,377,527,3759,9197.56,169,21,V003,2.230769230769231,High,HealthTools Ltd.,15,5000.0
2025-11-20,107,Consumable,Gloves,3692,929,4127,10015.6,244,17,V002,15.131147540983607,High,EquipMed Co.,30,20000.0
2025-11-21,108,Equipment,X-ray Machine,715,953,1475,18305.37,392,25,V001,1.8239795918367347,High,MedSupplies Inc.,5,0.5
2025-11-22,104,Equipment,Surgical Mask,542,589,1327,8393.67,411,3,V003,1.3187347931873479,High,HealthTools Ltd.,15,5000.0
2025-11-23,103,Consumable,Surgical Mask,872,176,3849,2156.02,158,29,V001,5.518987341772152,High,MedSupplies Inc.,5,0.5
2025-11-24,105,Equipment,Gloves,389,284,2048,4618.7,435,11,V002,0.8942528735632184,High,EquipMed Co.,30,20000.0
2025-11-25,106,Consumable,Ventilator,2271,104,3428,18908.2,186,20,V003,12.209677419354838,High,HealthTools Ltd.,15,5000.0
2025-11-26,103,Consumable,IV Drip,1451,474,1145,11903.24,18,3,V001,80.61111111111111,Low,MedSupplies Inc.,5,0.5
2025-11-27,102,Consumable,IV Drip,540,809,2160,7107.17,127,25,V003,4.251968503937008,High,HealthTools Ltd.,15,5000.0
2025-11-28,109,Consumable,Surgical Mask,934,436,2827,17854.28,267,1,V003,3.49812734082397,Low,HealthTools Ltd.,15,5000.0
2025-11-29,108,Equipment,IV Drip,4131,57,3363,6011.83,300,7,V002,13.77,Medium,EquipMed Co.,30,20000.0
2025-11-30,101,Equipment,Surgical Mask,901,287,2542,17621.95,447,14,V001,2.0156599552572705,High,MedSupplies Inc.,5,0.5
2025-12-01,104,Equipment,X-ray Machine,2347,65,4346,2423.11,226,7,V003,10.38495575221239,Medium,HealthTools Ltd.,15,5000.0
2025-12-02,100,Equipment,X-ray Machine,2647,340,568,18764.62,450,26,V002,5.8822222222222225,High,EquipMed Co.,30,20000.0
2025-12-03,108,Equipment,Surgical Mask,926,118,5821,18753.76,231,28,V001,4.008658008658009,High,MedSupplies Inc.,5,0.5
2025-12-04,103,Consumable,Gloves,3851,41,5539,6905.72,382,16,V002,10.081151832460733,High,EquipMed Co.,30,20000.0
2025-12-05,109,Equipment,IV Drip,1593,605,3278,351.47,276,6,V001,5.771739130434782,High,MedSupplies Inc.,5,0.5
2025-12-06,105,Consumable,Surgical Mask,3054,76,5071,7061.15,222,14,V003,13.756756756756756,High,HealthTools Ltd.,15,5000.0
2025-12-07,105,Equipment,Gloves,4500,157,1796,3616.63,391,10,V002,11.508951406649617,Medium,EquipMed Co.,30,20000.0
2025-12-08,101,Equipment,X-ray Machine,1562,169,2262,5321.71,6,24,V001,260.3333333333333,Low,MedSupplies Inc.,5,0.5
2025-12-09,107,Equipment,IV Drip,1907,892,5745,12513.84,197,20,V002,9.680203045685278,High,EquipMed Co.,30,20000.0
2025-12-10,108,Equipment,IV Drip,1080,797,1552,8862.24,451,23,V003,2.3946784922394677,High,HealthTools Ltd.,15,5000.0
2025-12-11,106,Equipment,X-ray Machine,1444,817,4880,14726.39,248,25,V003,5.82258064516129,High,HealthTools Ltd.,15,5000.0
2025-12-12,104,Consumable,Ventilator,4913,945,3173,12740.92,425,14,V001,11.56,High,MedSupplies Inc.,5,0.5
2025-12-13,107,Consumable,Surgical Mask,3694,583,3149,6011.49,489,22,V001,7.554192229038855,High,MedSupplies Inc.,5,0.5
2025-12-14,103,Equipment,Gloves,2159,619,1657,6477.87,465,14,V001,4.643010752688172,High,MedSupplies Inc.,5,0.5
2025-12-15,105,Equipment,Gloves,3625,950,2102,15963.03,328,3,V003,11.051829268292684,Low,HealthTools Ltd.,15,5000.0
2025-12-16,103,Consumable,Ventilator,2556,254,1215,10643.49,425,25,V002,6.014117647058823,High,EquipMed Co.,30,20000.0
2025-12-17,106,Consumable,Gloves,4943,758,3137,2548.05,281,10,V001,17.590747330960856,Medium,MedSupplies Inc.,5,0.5
2025-12-18,104,Equipment,Gloves,1313,448,3244,11734.67,216,2,V002,6.078703703703703,Low,EquipMed Co.,30,20000.0
2025-12-19,107,Equipment,IV Drip,1066,744,2577,2760.01,181,27,V003,5.889502762430939,High,HealthTools Ltd.,15,5000.0
2025-12-20,103,Equipment,Surgical Mask,4174,132,5045,17374.23,379,14,V002,11.013192612137203,High,EquipMed Co.,30,20000.0
2025-12-21,100,Equipment,IV Drip,3509,497,5937,2585.84,151,21,V001,23.23841059602649,Medium,MedSupplies Inc.,5,0.5
2025-12-22,105,Consumable,X-ray Machine,4612,200,5084,13388.33,42,1,V001,109.80952380952381,Low,MedSupplies Inc.,5,0.5
2025-12-23,109,Consumable,IV Drip,1735,214,3726,17936.26,263,26,V001,6.596958174904943,High,MedSupplies Inc.,5,0.5
2025-12-24,103,Consumable,Ventilator,3384,922,1499,1962.92,121,29,V003,27.96694214876033,High,HealthTools Ltd.,15,5000.0
2025-12-25,107,Consumable,Surgical Mask,1351,90,2971,10604.88,207,15,V003,6.526570048309178,High,HealthTools Ltd.,15,5000.0
2025-12-26,105,Consumable,Ventilator,3753,520,605,19161.84,52,5,V003,72.17307692307692,Low,HealthTools Ltd.,15,5000.0
2025-12-27,105,Consumable,Surgical Mask,3020,144,4973,5559.22,168,8,V002,17.976190476190474,Low,EquipMed Co.,30,20000.0
2025-12-28,108,Equipment,Surgical Mask,4594,462,4856,5621.72,25,17,V001,183.76,Low,MedSupplies Inc.,5,0.5
2025-12-29,100,Equipment,Surgical Mask,2485,823,2932,9401.31,32,10,V003,77.65625,Low,HealthTools Ltd.,15,5000.0
2025-12-30,108,Consumable,Gloves,1450,990,767,18954.09,149,13,V003,9.731543624161073,High,HealthTools Ltd.,15,5000.0
2025-12-31,103,Consumable,IV Drip,2749,516,679,16020.37,147,18,V001,18.700680272108844,Medium,MedSupplies Inc.,5,0.5
2026-01-01,106,Consumable,Gloves,2078,680,1111,5424.08,292,5,V001,7.116438356164384,Medium,MedSupplies Inc.,5,0.5
2026-01-02,109,Consumable,Gloves,1591,598,1464,4632.09,481,17,V001,3.3076923076923075,High,MedSupplies Inc.,5,0.5
2026-01-03,103,Equipment,IV Drip,2883,901,1232,3972.74,213,17,V002,13.535211267605634,High,EquipMed Co.,30,20000.0
2026-01-04,102,Equipment,Ventilator,1307,703,5508,8594.8,89,26,V002,14.685393258426966,High,EquipMed Co.,30,20000.0
2026-01-05,107,Consumable,Surgical Mask,160,427,5480,16158.21,481,17,V003,0.33264033264033266,High,HealthTools Ltd.,15,5000.0
2026-01-06,100,Consumable,Ventilator,2718,612,1594,3046.47,92,4,V002,29.543478260869566,Low,EquipMed Co.,30,20000.0
2026-01-07,103,Equipment,Ventilator,1104,412,3308,12341.39,301,9,V003,3.6677740863787376,High,HealthTools Ltd.,15,5000.0
2026-01-08,100,Consumable,X-ray Machine,3988,144,2643,9446.07,357,23,V001,11.170868347338935,High,MedSupplies Inc.,5,0.5
2026-01-09,103,Equipment,Gloves,1845,642,1526,12926.59,467,3,V002,3.9507494646680943,Medium,EquipMed Co.,30,20000.0
2026-01-10,106,Equipment,Surgical Mask,178,140,5104,8070.0,151,1,V003,1.1788079470198676,Medium,HealthTools Ltd.,15,5000.0
2026-01-11,101,Consumable,IV Drip,1935,164,3814,15196.56,483,26,V003,4.0062111801242235,High,HealthTools Ltd.,15,5000.0
2026-01-12,109,Consumable,Ventilator,2398,248,4405,6420.49,416,7,V002,5.764423076923077,High,EquipMed Co.,30,20000.0
2026-01-13,102,Equipment,X-ray Machine,1310,291,2773,14443.49,179,22,V003,7.318435754189944,High,HealthTools Ltd.,15,5000.0
2026-01-14,109,Equipment,X-ray Machine,4017,535,1946,19193.19,275,29,V001,14.607272727272727,High,MedSupplies Inc.,5,0.5
2026-01-15,104,Consumable,Ventilator,2725,969,3128,11585.05,79,23,V003,34.49367088607595,Medium,HealthTools Ltd.,15,5000.0
2026-01-16,109,Equipment,Ventilator,3055,741,2386,12691.4,8,28,V001,381.875,Low,MedSupplies Inc.,5,0.5
2026-01-17,101,Consumable,X-ray Machine,2352,584,5615,10496.26,12,26,V002,196.0,Low,EquipMed Co.,30,20000.0
2026-01-18,103,Consumable,Gloves,3122,67,2883,9719.26,192,18,V002,16.260416666666668,High,EquipMed Co.,30,20000.0
2026-01-19,102,Equipment,X-ray Machine,3907,303,5747,3371.35,203,5,V003,19.246305418719214,Low,HealthTools Ltd.,15,5000.0
2026-01-20,104,Equipment,X-ray Machine,2511,951,4873,13751.14,442,5,V002,5.680995475113122,Medium,EquipMed Co.,30,20000.0
2026-01-21,109,Consumable,X-ray Machine,1677,415,4461,12123.63,315,3,V002,5.3238095238095235,Medium,EquipMed Co.,30,20000.0
2026-01-22,107,Consumable,Gloves,1060,117,5991,11057.94,39,26,V001,27.17948717948718,Medium,MedSupplies Inc.,5,0.5
2026-01-23,104,Equipment,Gloves,1302,514,1626,6128.89,170,12,V001,7.658823529411765,High,MedSupplies Inc.,5,0.5
2026-01-24,109,Consumable,Gloves,1261,847,4868,7890.13,471,11,V002,2.6772823779193207,High,EquipMed Co.,30,20000.0
2026-01-25,104,Consumable,IV Drip,4209,827,2550,8664.16,449,3,V002,9.374164810690424,Low,EquipMed Co.,30,20000.0
2026-01-26,101,Consumable,IV Drip,1687,35,1201,13149.87,35,12,V003,48.2,Low,HealthTools Ltd.,15,5000.0
2026-01-27,102,Equipment,IV Drip,1793,278,5730,14518.01,210,13,V001,8.538095238095238,High,MedSupplies Inc.,5,0.5
2026-01-28,107,Equipment,IV Drip,2995,574,2836,6259.41,427,21,V002,7.014051522248243,High,EquipMed Co.,30,20000.0
2026-01-29,102,Equipment,Surgical Mask,3099,848,731,12294.92,437,10,V003,7.091533180778032,High,HealthTools Ltd.,15,5000.0
2026-01-30,103,Consumable,Surgical Mask,1823,953,4273,7407.8,71,27,V001,25.676056338028168,High,MedSupplies Inc.,5,0.5
2026-01-31,109,Equipment,Surgical Mask,1310,775,885,9704.49,132,4,V003,9.924242424242424,Low,HealthTools Ltd.,15,5000.0
2026-02-01,107,Equipment,Ventilator,2023,83,3864,1638.81,425,20,V002,4.76,High,EquipMed Co.,30,20000.0
2026-02-02,106,Consumable,Surgical Mask,2724,916,4429,11573.76,380,7,V002,7.168421052631579,Medium,EquipMed Co.,30,20000.0
2026-02-03,106,Consumable,Ventilator,3297,594,764,17928.89,92,28,V002,35.83695652173913,Medium,EquipMed Co.,30,20000.0
2026-02-04,102,Equipment,X-ray Machine,1780,484,3407,19068.13,461,11,V001,3.86117136659436,High,MedSupplies Inc.,5,0.5
2026-02-05,103,Equipment,Surgical Mask,317,154,1524,6693.04,168,17,V001,1.8869047619047619,High,MedSupplies Inc.,5,0.5
2026-02-06,106,Equipment,Gloves,1979,361,663,3402.94,214,9,V002,9.24766355140187,Medium,EquipMed Co.,30,20000.0
2026-02-07,100,Equipment,IV Drip,2906,872,5810,19532.82,282,26,V003,10.304964539007091,High,HealthTools Ltd.,15,5000.0
2026-02-08,108,Consumable,Ventilator,4072,776,3496,15934.2,257,6,V002,15.844357976653697,Low,EquipMed Co.,30,20000.0
2026-02-09,100,Equipment,X-ray Machine,997,239,2186,5863.88,108,16,V002,9.231481481481481,High,EquipMed Co.,30,20000.0
2026-02-10,107,Equipment,Surgical Mask,4193,304,4213,90.3,419,27,V001,10.007159904534607,High,MedSupplies Inc.,5,0.5
2026-02-11,106,Consumable,IV Drip,822,186,2385,5284.45,382,6,V003,2.1518324607329844,High,HealthTools Ltd.,15,5000.0
2026-02-12,105,Consumable,Gloves,3619,710,2807,19098.93,450,19,V003,8.042222222222222,High,HealthTools Ltd.,15,5000.0
